guid,constituency,counties,tags
+goGGb(/>G,Walsall South,West Midlands,England
;<rNUo=}VL,South Suffolk,Suffolk,England
/ghngWK@AP,Aldridge-Brownhills,West Midlands,England
/XZyy+E8@E,Wolverhampton South East,West Midlands,England
6F]<bK}HD-,Wolverhampton North East,West Midlands,England
!d1}SOO$Un,Wolverhampton South West,West Midlands,England
#JfEGIvb%D,West Bromwich West,West Midlands,England
"u,i/J4%O*",Walsall North,West Midlands,England
-H`Vo1VLaJ,Sutton Coldfield,West Midlands,England
$}|!}uZn5j,Tamworth,Staffordshire,England
6:/fe`ihN^,Dudley North,West Midlands,England
#Un/|RGD{q,Dudley South,West Midlands,England
",9#{l0-H~}",Halesowen and Rowley Regis,West Midlands,England
xs0`6V!Nn,West Bromwich East,West Midlands,England
",pOQXOtQT(","Birmingham, Erdington",West Midlands,England
9=L.N8|E`{,"Birmingham, Perry Barr",West Midlands,England
!5?d4@cj4],Stourbridge,West Midlands,England
6.;7p-/O;?,"Birmingham, Edgbaston",West Midlands,England
/=@^ZzC3ir,"Birmingham, Northfield",West Midlands,England
5YoH$X>459,"Birmingham, Selly Oak",West Midlands,England
/dW3)V[`{^,"Birmingham, Ladywood",West Midlands,England
.d5LXGt)vJ,Warley,West Midlands,England
/&$A1a&g>L,"Birmingham, Hodge Hill",West Midlands,England
97/s/io90y,"Birmingham, Yardley",West Midlands,England
*gqtM*I.Ju,North Warwickshire,Warwickshire,England
-s*)k.hD-b,North Herefordshire,Herefordshire,England
&7Hg.B(l*Y,Wyre Forest,Worcestershire,England
/t`jfjSl1~,Bromsgrove,Worcestershire,England
"&,hjlpzv)B","Birmingham, Hall Green",West Midlands,England
":wi$`?/!d,",Solihull,West Midlands,England
<%w?l_(L`@,Meriden,West Midlands,England
8qgd|^^FV^,Coventry South,West Midlands,England
-lzrbr_@;#,Coventry North West,West Midlands,England
".f7<Z3j,.2",Warwick and Leamington,Warwickshire,England
*&GEa}aU+8,Rugby,Warwickshire,England
*8EMF<%J_&,Coventry North East,West Midlands,England
"8V-h)S1H,3",Bosworth,Leicestershire,England
!h$R0{n>O8,Mid Worcestershire,Worcestershire,England
+eolmQA9&Y,Stratford-on-Avon,Warwickshire,England
({+frbSbm,Nuneaton,Warwickshire,England
$n)FWE(n(q,Worcester,Worcestershire,England
<p0E2Xgzj3,Daventry,Northamptonshire,England
%&a;1`2P2u,South Leicestershire,Leicestershire,England
$L|_Tj_>qA,West Worcestershire,Worcestershire,England
%t6tg@h)p+,Banbury,Oxfordshire,England
/zIdB*8+=W,Leicester South,Leicestershire,England
;=;Z.>RHE!,Witney,Oxfordshire,England
=6bxL!+6d,The Cotswolds,Gloucestershire,England
!Y}X`^sXX5,Buckingham,Buckinghamshire,England
8GiSo)QfU?,Harborough,Leicestershire,England
9x-e7`?^EY,Forest of Dean,Gloucestershire,England
9vbw(@%}+i,Cheltenham,Gloucestershire,England
)YHf-0r.g7,Northampton South,Northamptonshire,England
:I.EMEa5-U,Kettering,Northamptonshire,England
6S>6~|BFmC,Northampton North,Northamptonshire,England
&/6_4i<6x5,Gloucester,Gloucestershire,England
",+Q[-~5C=S",Aylesbury,Buckinghamshire,England
7x-_Oqzbx(,Milton Keynes South,Buckinghamshire,England
!E@h)3^!ey,Milton Keynes North,Buckinghamshire,England
!E;8^;|c}*,Stroud,Gloucestershire,England
:)s$&O|1wM,Wantage,Oxfordshire,England
*U*Cwq9<(+,Oxford West and Abingdon,Oxfordshire,England
/8}%U6:ba5,Oxford East,Oxfordshire,England
/6=AV0p?<G,Henley,Oxfordshire,England
5s/fIA`+*0,Hemel Hempstead,Hertfordshire,England
MWnixKYY[,Wellingborough,Northamptonshire,England
-w/qsC3+na,Corby,Northamptonshire,England
9Dt<b-Ptm/,North Wiltshire,Wiltshire,England
(<;jTMLS`T,Chesham and Amersham,Buckinghamshire,England
$~Cz;Ds4B0,South West Hertfordshire,Hertfordshire,England
5.MLvF#jl^,South West Bedfordshire,Bedfordshire,England
-HQTfV=^~A,Luton North,Bedfordshire,England
71K$MVTJDj,Mid Bedfordshire,Bedfordshire,England
-<ci{q)(D7,North East Bedfordshire,Bedfordshire,England
65gcK{hk(],Luton South,Bedfordshire,England
/gY?z+.DlA,Watford,Hertfordshire,England
.+;oB6Oet),St Albans,Hertfordshire,England
+e8A(z_SV-,Huntingdon,Cambridgeshire,England
&?iU#9{bbU,Hertsmere,Hertfordshire,England
6.!mhMgC.A,North East Hertfordshire,Hertfordshire,England
(BOeWZJ%sv,South Cambridgeshire,Cambridgeshire,England
9vVKm}U#7j,Peterborough,Cambridgeshire,England
/lG/j4}Bd^,Welwyn Hatfield,Hertfordshire,England
!SYFxB?R(n,Stevenage,Hertfordshire,England
%:d7H)$j9,North East Cambridgeshire,Cambridgeshire,England
WD4iIlN;w,Enfield North,London,England
%t*r=!|Y+>,Broxbourne,Hertfordshire,England
"-yy/s2,pw5",Hertford and Stortford,Hertfordshire,England
L9+-DkL^h,Epping Forest,Essex,England
+C=;MkT^hX,Harlow,Essex,England
$;A9~Sj2B*,Cambridge,Cambridgeshire,England
-m^&[I8N!y,South East Cambridgeshire,Cambridgeshire,England
%~<Toa-P<N,Brentwood and Ongar,Essex,England
%fR{:mwN$[,Saffron Walden,Essex,England
*f/2Fxy@7q,South West Norfolk,Norfolk,England
":R0O,Ly)?T",Braintree,Essex,England
:lL|j+z<a*,Bury St Edmunds,Suffolk,England
<(#y;J=_pq,Maldon,Essex,England
$y1C){$:mf,Mid Norfolk,Norfolk,England
7eZW2..vl+,Hitchin and Harpenden,Hertfordshire,England
$iMQ>oyooU,West Suffolk,Suffolk,England
"-[A?s@,#!c",Tewkesbury,Gloucestershire,England
".hBxh{5I,Y",Bedford,Bedfordshire,England
;7fV/T57*{,Redditch,Worcestershire,England
"$x~,jE:Ou*",North West Cambridgeshire,Cambridgeshire,England
5cQ6jXNo+o,Kenilworth and Southam,Warwickshire,England
6U]u_^phFu,South Northamptonshire,Northamptonshire,England
/vbD7q>&5P,Harwich and North Essex,Essex,England
#eRy*%63E},Witham,Essex,England
;M69]ke!O3,Colchester,Essex,England
)B`v0_!$x),Chelmsford,Essex,England
)dN2#w*^Bt,"Caithness, Sutherland and Easter Ross",Highland,Scotland
82c=JYG)]n,Orkney and Shetland,Orkney Islands; Shetland Islands,Scotland
)~9<m[N|dt,"Ross, Skye and Lochaber",Highland,Scotland
71ine+Q8vj,"Inverness, Nairn, Badenoch and Strathspey",Highland,Scotland
"%.;3{,tyUH",Moray,Moray,Scotland
.M5Kw6+^]i,Na h-Eileanan an Iar,Outer Hebrides,Scotland
66XZ}.*l.h,West Aberdeenshire and Kincardine,Aberdeenshire,Scotland
.F<=KG0Kh6,Argyll and Bute,Argyll and Bute,Scotland
7sV):v?YkW,Dundee West,Angus; Dundee City,Scotland
!Y;oceXu4[,Dundee East,Angus; Dundee City,Scotland
:YNvD2n/LC,Angus,Angus,Scotland
5^6S99]!i6,Stirling,Stirling,Scotland
:^[fJ)Uma0,North East Fife,Fife,Scotland
"&~3tPK,pgA",Gordon,Aberdeenshire,Scotland
$K$k!</$a1,Ochil and South Perthshire,Clackmannanshire; Perth and Kinross,Scotland
&8MtW54Q&k,Aberdeen North,Aberdeen City,Scotland
",n=>(Y`:@#",Aberdeen South,Aberdeen City,Scotland
/F4x_w}_g$,Perth and North Perthshire,Perth and Kinross,Scotland
Kf.3&|zk=,Skipton and Ripon,North Yorkshire,England
7:FiNi~Ps5,Thirsk and Malton,North Yorkshire,England
.tuohUHi.|,Morecambe and Lunesdale,Lancashire,England
",%|o%a}I*}",Barrow and Furness,Cumbria,England
8EvFRWt9i0,Richmond (Yorks),North Yorkshire,England
g@_K9hr+W,Westmorland and Lonsdale,Cumbria,England
"#,bTv5#nKU",Copeland,Cumbria,England
"9yVRd9`3c,",Scarborough and Whitby,North Yorkshire,England
.Bt-xi}DZh,Stockton South,County Durham; North Yorkshire,England
*eJf/n_Tle,Darlington,County Durham,England
#U5xfsNlla,Bishop Auckland,County Durham,England
/ju0uJy^}=,Workington,Cumbria,England
;-ij3{Zia|,Middlesbrough South and East Cleveland,North Yorkshire,England
7+0#RzY)]N,Redcar,North Yorkshire,England
8)a%4:(^oa,Stockton North,County Durham,England
%uw1BkTiC@,Middlesbrough,North Yorkshire,England
$>)([r=.j,Sedgefield,County Durham,England
9fRtzw`=(,Hartlepool,County Durham,England
)3pPKn)+RX,North West Durham,County Durham,England
",xP7vVsS4+",Easington,County Durham,England
*`m[5$WtW),City of Durham,County Durham,England
<m7ec6%knR,Houghton and Sunderland South,Tyne and Wear,England
6IcF0mu#gp,North Durham,County Durham,England
",~iW$zGY0a",Hexham,Northumberland,England
<8q|:F9.Qq,Sunderland Central,Tyne and Wear,England
(Wq^~U~]U4,Blaydon,Tyne and Wear,England
#`JG9<~!1A,South Shields,Tyne and Wear,England
rpMIq0Dh;,Jarrow,Tyne and Wear,England
6:+e~OJ&eJ,Gateshead,Tyne and Wear,England
*t5XcPd1M:,Newcastle upon Tyne East,Tyne and Wear,England
)Orjd<%$xd,Newcastle upon Tyne Central,Tyne and Wear,England
74ap=G4$KS,Tynemouth,Tyne and Wear,England
)ny[pf^[B},Blyth Valley,Northumberland,England
s>&^NVoj$,North Tyneside,Tyne and Wear,England
+vj%10/(]o,Newcastle upon Tyne North,Tyne and Wear,England
"&I5?6,5gK#",Wansbeck,Northumberland,England
8q3DgaHvWj,Dumfries and Galloway,Dumfries and Galloway,Scotland
7fwrG9fclm,Penrith and The Border,Cumbria,England
(JdQ1I:4#@,Carlisle,Cumbria,England
)$+/UZ^D@O,Washington and Sunderland West,Tyne and Wear,England
9<4)NqPE[@,Crewe and Nantwich,Cheshire,England
:rDsdTZ-j?,North Shropshire,Shropshire,England
5|*j$wUBpR,Stafford,Staffordshire,England
65;J*^T=mb,Newcastle-under-Lyme,Staffordshire,England
;;9|KNN^.0,Stoke-on-Trent North,Staffordshire,England
A&cV{<SLp,Lichfield,Staffordshire,England
-NMOwt-0U.,Stoke-on-Trent South,Staffordshire,England
*CRr(|zlYw,Stoke-on-Trent Central,Staffordshire,England
.S=6m/OBCi,Staffordshire Moorlands,Staffordshire,England
8P~>+o6g%v,Congleton,Cheshire,England
"#/6,.[#TM2",Tatton,Cheshire,England
&{|I@s_O?v,Eddisbury,Cheshire,England
6#u)0X>^1u,Wrexham,Wrexham,Wales
5oBr(Ya1BT,The Wrekin,Shropshire,England
"*e,xI`2l]i",Ludlow,Shropshire,England
WpgNg@/GM,Cannock Chase,Staffordshire,England
5!uFcLEE6z,Burton,Staffordshire,England
7SuX2|aD[a,High Peak,Derbyshire,England
<9e)$v*F)!,Macclesfield,Cheshire,England
<$X!>`Z_OF,Shrewsbury and Atcham,Shropshire,England
#U>X<v|Uor,South Staffordshire,Staffordshire,England
$rk<w&O*mk,Warrington South,Cheshire,England
</ZZB5/+GA,Halton,Cheshire,England
#ik(%qoTY-,Garston and Halewood,Merseyside,England
9hCl}Xn7.Z,City of Chester,Cheshire,England
#^}NH-DcwZ,Hazel Grove,Greater Manchester,England
"),Ap&UO7OO",Cheadle,Greater Manchester,England
(:g5rv=)Nx,Stockport,Greater Manchester,England
&|G+(rrz6L,Altrincham and Sale West,Greater Manchester,England
6%cNmlY~et,Stretford and Urmston,Greater Manchester,England
&rDCI2WF5>,Warrington North,Cheshire,England
)]oin.yNdv,"Liverpool, Wavertree",Merseyside,England
9g/Oem.5O<,"Liverpool, Riverside",Merseyside,England
+^sC]_9S%@,Birkenhead,Merseyside,England
7%~qkj6ZGQ,Wirral South,Merseyside,England
(<36|4?a2x,Ellesmere Port and Neston,Cheshire,England
:VsRnFhj89,Alyn and Deeside,Flintshire; Wrexham,Wales
^VT^vLpzX,Denton and Reddish,Greater Manchester,England
/uKbPr0TE$,Manchester Central,Greater Manchester,England
9m6-4`acpC,"Manchester, Gorton",Greater Manchester,England
/|N+g.%|E*,"Manchester, Withington",Greater Manchester,England
*#f.zqZ[W,Leigh,Greater Manchester,England
",J)VY`o:%P",St Helens North,Merseyside,England
#+W..YQ9la,St Helens South and Whiston,Merseyside,England
5`6}G!/%3f,"Liverpool, West Derby",Merseyside,England
%dW_$Gmg+L,Knowsley,Merseyside,England
*DYlK[#U]G,"Liverpool, Walton",Merseyside,England
:aC=:C*qJ!,Bootle,Merseyside,England
"$fq/v09l,n",Wallasey,Merseyside,England
+vtOFL36Es,Wirral West,Merseyside,England
;@=ViCE~lB,Delyn,Conwy; Flintshire,Wales
8HPE=<k@[2,Clwyd South,Denbighshire; Wrexham,Wales
6XFO4jFApx,Montgomeryshire,Powys,Wales
-{nb-mce&<,Stalybridge and Hyde,Greater Manchester,England
",5k/RIf1tX",Ashton-under-Lyne,Greater Manchester,England
+tvZ3-!UV[,Oldham West and Royton,Greater Manchester,England
"*:d3K,9T^+",Blackley and Broughton,Greater Manchester,England
!lO]p!ky`b,Salford and Eccles,Greater Manchester,England
+uvyOvV1H`,Worsley and Eccles South,Greater Manchester,England
(B8#l;GE?S,Bury South,Greater Manchester,England
62$0hF~$.m,Bolton South East,Greater Manchester,England
))V>>LFE=0,Makerfield,Greater Manchester,England
5;Ad)%}8mk,West Lancashire,Lancashire,England
:@X?Pbv4fn,Sefton Central,Merseyside,England
k~P:+pabJ,Oldham East and Saddleworth,Greater Manchester,England
(HNhcK6$y-,Heywood and Middleton,Greater Manchester,England
<ph2;i_^C@,Bury North,Greater Manchester,England
"%bHb#./B,P",Bolton West,Greater Manchester,England
#pHppbT8s_,Wigan,Greater Manchester,England
(%fG~2)LE0,Vale of Clwyd,Denbighshire,Wales
%}[i?}`SUU,Dwyfor Meirionnydd,Gwynedd,Wales
-nr`QNvq5K,Aberconwy,Conwy,Wales
/Ee=dca`9},Ynys Môn,Isle of Anglesey,Wales
"+*CX,IG!-9",Telford,Shropshire,England
-k1(4.jz~5,Stone,Staffordshire,England
:W?(KQghrJ,Weaver Vale,Cheshire,England
+-{.&>TH^l,Clwyd West,Conwy; Denbighshire,Wales
&s>E{WJ94O,Wythenshawe and Sale East,Greater Manchester,England
/j9Yx0<Cnd,Arfon,Gwynedd,Wales
):(LBFrT^],Penistone and Stocksbridge,South Yorkshire,England
/-;Ogy`vE!,Dewsbury,West Yorkshire,England
K)08Z5KJ*,Colne Valley,West Yorkshire,England
*&rn+uT*~.,Rochdale,Greater Manchester,England
8Nz&=x9T4Y,Bolton North East,Greater Manchester,England
))Rt4w{bz+,Barnsley Central,South Yorkshire,England
-_3hj*6]59,Wakefield,West Yorkshire,England
&(b/Mn+ZSS,Huddersfield,West Yorkshire,England
+`f$CUB+Q8,Rossendale and Darwen,Lancashire,England
5zk0~X[iEc,Chorley,Lancashire,England
-/Gp@;r:1g,Southport,Merseyside,England
;cl<knj>S3,Wentworth and Dearne,South Yorkshire,England
8t;!DR}Ump,Barnsley East,South Yorkshire,England
&UypNs{T7.,Hemsworth,West Yorkshire,England
7MUJ#^<#I8,Elmet and Rothwell,West Yorkshire,England
#hd|+KLmO},"Normanton, Pontefract and Castleford",West Yorkshire,England
&Xmcl#J]^u,Morley and Outwood,West Yorkshire,England
$2L2dil*Ll,Batley and Spen,West Yorkshire,England
"%Le,RC:I9d",Calder Valley,West Yorkshire,England
:gBs;-`/%;,Halifax,West Yorkshire,England
:TAa1WMzB|,Hyndburn,Lancashire,England
%~:{dUO!L0,Blackburn,Lancashire,England
",lv=8Tr%U+",South Ribble,Lancashire,England
9rMFh+cCE7,Don Valley,South Yorkshire,England
:A#&_LSX#8,Selby and Ainsty,North Yorkshire,England
/w=/@PJF?h,Leeds East,West Yorkshire,England
#U>Cv2I|cy,Leeds Central,West Yorkshire,England
)WorgSmpM|,Leeds West,West Yorkshire,England
"%Ru-/>qVy,",Bradford South,West Yorkshire,England
%B.N!8(`1S,Bradford West,West Yorkshire,England
7Kf2mxsNEw,Burnley,Lancashire,England
68]R<6+~.K,Preston,Lancashire,England
#K[R]RQLuS,Fylde,Lancashire,England
5]MlE+NC;t,Blackpool South,Lancashire,England
6p}5eXTf&=,Doncaster Central,South Yorkshire,England
!N]Mn?{fI>,Leeds North East,West Yorkshire,England
#ei]Vt@wH(,Leeds North West,West Yorkshire,England
O@(gH}Gb&,Pudsey,West Yorkshire,England
(+??rj3&Yf,Bradford East,West Yorkshire,England
:!yBgKPxY[,Shipley,West Yorkshire,England
8LD~S*|PgK,Keighley,West Yorkshire,England
&u$X_q@l*N,Pendle,Lancashire,England
#*lyW[y;b(,Ribble Valley,Lancashire,England
!}3pF|W#L:,Blackpool North and Cleveleys,Lancashire,England
;#iZAt[=[a,York Central,North Yorkshire,England
"$Mtewj3Jd,",York Outer,North Yorkshire,England
#_8{*CTtJX,Lancaster and Fleetwood,Lancashire,England
-JZwxb#=M[,Doncaster North,South Yorkshire,England
".WWwq3Qr,o",East Yorkshire,East Riding of Yorkshire,England
"%6KyIa-QR,",Gainsborough,Lincolnshire,England
*-.SpJgf3+,Cleethorpes,Lincolnshire,England
9<IOh<;km#,Brigg and Goole,East Riding of Yorkshire; Lincolnshire,England
!ih:+r?L3J,Haltemprice and Howden,East Riding of Yorkshire,England
9a.09j0&T,Beverley and Holderness,East Riding of Yorkshire,England
(Gk1UJVAC>,Kingston upon Hull West and Hessle,East Riding of Yorkshire,England
")$d+,$::kX",Kingston upon Hull East,East Riding of Yorkshire,England
$:H`r64*&J,Kingston upon Hull North,East Riding of Yorkshire,England
;JQRe03M(2,Great Grimsby,Lincolnshire,England
"5~,jOt,X,]",Harrogate and Knaresborough,North Yorkshire,England
+Z4||hkgDs,Scunthorpe,Lincolnshire,England
/.XMETDZ`x,Wyre and Preston North,Lancashire,England
<ej;Y|lqSY,Louth and Horncastle,Lincolnshire,England
+crultZ7QP,Derbyshire Dales,Derbyshire,England
.GK<>7KL+k,South Derbyshire,Derbyshire,England
+9^D4Y]CJt,"Sheffield, Hallam",South Yorkshire,England
9unNjcaZWQ,Derby North,Derbyshire,England
7/AJO8SK;@,Derby South,Derbyshire,England
maEk;9e:8,North East Derbyshire,Derbyshire,England
&;ljIWvOS%,Chesterfield,Derbyshire,England
9dF*krusRj,"Sheffield, Heeley",South Yorkshire,England
%XdmXW!*l5,Sheffield Central,South Yorkshire,England
7K`*81mGGm,"Sheffield, Brightside and Hillsborough",South Yorkshire,England
-LtP&cUtyz,North West Leicestershire,Leicestershire,England
",YPlj=D:yT",Erewash,Derbyshire,England
:?w0OHgQbI,Amber Valley,Derbyshire,England
7dtX]E76JS,Sheffield South East,South Yorkshire,England
8^c62g@M)d,Rotherham,South Yorkshire,England
%`^+p9!ouy,Loughborough,Leicestershire,England
6jSO97yaPm,Rushcliffe,Nottinghamshire,England
t=b/*Q%1(,Broxtowe,Nottinghamshire,England
!;3di~}S&S,Ashfield,Nottinghamshire,England
7+{X).CfN6,Sherwood,Nottinghamshire,England
$S_/^1|p2[,Mansfield,Nottinghamshire,England
%rDK9-@!ZH,Bolsover,Derbyshire,England
.GOd@d96i3,Rother Valley,South Yorkshire,England
)_mgsAzKhi,Nottingham South,Nottinghamshire,England
#-C97%pWI|,Nottingham East,Nottinghamshire,England
#0#Gr{lR^V,Gedling,Nottinghamshire,England
)KIO`y(fH4,Bassetlaw,Nottinghamshire,England
$lsrS>>Bd:,Rutland and Melton,Leicestershire; Rutland,England
(WdV>GkDqw,Newark,Nottinghamshire,England
:S7Q3KvYP@,Grantham and Stamford,Lincolnshire,England
-p&E`A#2?},Sleaford and North Hykeham,Lincolnshire,England
"5-,#wDL0M)",Lincoln,Lincolnshire,England
6$$[fVET.3,South Holland and The Deepings,Lincolnshire,England
(E@RI&ebtQ,North West Norfolk,Norfolk,England
!610%i8)PL,Charnwood,Leicestershire,England
",}>{Ov*CaZ",Boston and Skegness,Lincolnshire,England
".h),mqikyK",Mid Derbyshire,Derbyshire,England
*]!mb3LOa[,Nottingham North,Nottinghamshire,England
5-+=Hcmpgb,Brecon and Radnorshire,Powys,Wales
#5<|wbi&.3,Hereford and South Herefordshire,Herefordshire,England
7%o!m8px|2,Monmouth,Monmouthshire,Wales
$Jq+THEB#-,Ceredigion,Ceredigion,Wales
%}bF_ZfBNH,Carmarthen East and Dinefwr,Carmarthenshire,Wales
61c`A~P^^Z,Carmarthen West and South Pembrokeshire,Carmarthenshire; Pembrokeshire,Wales
/~=w3}N}Iv,Preseli Pembrokeshire,Pembrokeshire,Wales
+W$nrZB6iQ,Central Suffolk and North Ipswich,Suffolk,England
%Fmgk<7:&z,Ipswich,Suffolk,England
:cO635&5(O,Great Yarmouth,Norfolk,England
/4::0vo@?#,Leicester West,Leicestershire,England
)ayp;^4Q/G,Leicester East,Leicestershire,England
8%aq#=Vb=E,North Norfolk,Norfolk,England
7uENRROm<$,South Norfolk,Norfolk,England
+N>7C3*;%Z,Norwich South,Norfolk,England
l(iY@Zyjf,Norwich North,Norfolk,England
-$-}$5bRwz,Waveney,Suffolk,England
",AVvw_7{j&",Suffolk Coastal,Suffolk,England
#2$+w$%exZ,Broadland,Norfolk,England
8]4;IEXIHj,Wycombe,Buckinghamshire,England
<g[I|v7|m),Beaconsfield,Buckinghamshire,England
ACe#Im82d,Devizes,Wiltshire,England
6pW{@KJ?k~,Wokingham,Berkshire,England
/n~0yGWKN>,Maidenhead,Berkshire,England
%Gdn3D/p>k,Slough,Berkshire,England
+X?gRGd1&1,Uxbridge and South Ruislip,London,England
.PISJEUcon,"Ealing, Southall",London,England
.kSS?T)AH`,Hayes and Harlington,London,England
%+#krWVu~6,Harrow West,London,England
:w[lFv{5fE,"Ruislip, Northwood and Pinner",London,England
*93S=oI7sL,Newbury,Berkshire,England
",$^.(@d7~v",Reading West,Berkshire,England
#T>o5`:aFk,Reading East,Berkshire,England
8<@kJ2vJe+,Windsor,Berkshire,England
8Mp9j#T#YR,Spelthorne,Surrey,England
&=&LDFW]*j,Brentford and Isleworth,London,England
&<e[vWm?Ld,Feltham and Heston,London,England
"(,`=O=ZCPw",Richmond Park,London,England
"</3Zd:],qM",Ealing Central and Acton,London,England
)$fZ5{nC:O,Ealing North,London,England
(=PqP/NwHy,Brent North,London,England
/hSJS)cuql,Harrow East,London,England
9^o_@SA+*[,Runnymede and Weybridge,Surrey,England
<~5ya-9oHJ,Surrey Heath,Surrey,England
5({2})xz5L,Kingston and Surbiton,London,England
)+:/gQ=/Hm,Twickenham,London,England
-=@t[WaG%#,Wimbledon,London,England
";`aW8#,I_z",Mitcham and Morden,London,England
:Ce&P#t>s[,Sutton and Cheam,London,England
6s_&9|B@LM,Putney,London,England
",32cy7~F&_",Battersea,London,England
5}&|9$[i]0,Chelsea and Fulham,London,England
$nG_~Li5-A,Hammersmith,London,England
:I;hW)U4~O,Hampstead and Kilburn,London,England
-b2wlJPKy(,Westminster North,London,England
.yGH``I.RS,Brent Central,London,England
)co2PJm>:X,Finchley and Golders Green,London,England
"+0f}g,9izI",Hendon,London,England
(*.iAY1*ea,Chipping Barnet,London,England
*K?`$RD]0|,North West Hampshire,Hampshire,England
7M4>Ij^&N9,Basingstoke,Hampshire,England
:`479i3tRM,Aldershot,Hampshire,England
",Zjio}?a@0",Woking,Surrey,England
//lJ1>ggvZ,Esher and Walton,Surrey,England
(Nk:~4Ue^1,Epsom and Ewell,Surrey,England
;08PGwL`$k,Croydon South,London,England
9.WU4GDgFQ,Carshalton and Wallington,London,England
./l)uK&5kN,Croydon North,London,England
[s5N&bg;h,Dulwich and West Norwood,London,England
:hJD+2<GYC,Streatham,London,England
)hv-F$~%|),Tooting,London,England
%fInz=&_ek,Vauxhall,London,England
7a5TY@lqgc,Bermondsey and Old Southwark,London,England
7e_+&gxu]+,Islington South and Finsbury,London,England
+pI;K]Hb93,Holborn and St Pancras,London,England
!d=PJZ{<2B,Cities of London and Westminster,London,England
+R#wIg|zoE,Tottenham,London,England
->@Gcwu!=),Hackney North and Stoke Newington,London,England
!<OjVoVQi-,Islington North,London,England
%>>26zAlQf,Hornsey and Wood Green,London,England
79%(8})uYa,"Enfield, Southgate",London,England
LrV1b[xOe,Guildford,Surrey,England
/lxm{|yO_M,Mole Valley,Surrey,England
6h4l_i.K3D,Reigate,Surrey,England
(yB|2~S1wG,East Surrey,Surrey,England
#IvL<!2_kD,Beckenham,London,England
&<Bx`6HhP*,Croydon Central,London,England
6|34t5B#uQ,Lewisham East,London,England
NR]&789Ts,"Lewisham, Deptford",London,England
9=;{NU(QhO,Lewisham West and Penge,London,England
5yb~HI_ysJ,Camberwell and Peckham,London,England
+{XP&|7n]e,West Ham,London,England
85)L+f&fCR,Poplar and Limehouse,London,England
9-[i>b@H`n,Bethnal Green and Bow,London,England
J[|sVo$|J,Hackney South and Shoreditch,London,England
6t^@HK(OY#,Leyton and Wanstead,London,England
8AfvmNm@#9,Chingford and Woodford Green,London,England
.8S%+IHtw+,Edmonton,London,England
97tHG_BxC},Bromley and Chislehurst,London,England
/9:XjX81GR,Eltham,London,England
<[AA]KM_rK,Greenwich and Woolwich,London,England
*&>>me(4XI,Old Bexley and Sidcup,London,England
7Hf3;2w>Eq,East Ham,London,England
"#Y<,T1Dc)p",Ilford North,London,England
6B~DQp~<5H,Ilford South,London,England
6~ljE=BCr8,Sevenoaks,Kent,England
+iG>)7i~5t,Orpington,London,England
.Z6CJ5(X$@,Dartford,Kent,England
/>{w$j>uto,Bexleyheath and Crayford,London,England
.J9|?7k2@Y,Erith and Thamesmead,London,England
&=-TC/0L61,Dagenham and Rainham,London,England
+jeU%0M!k|,Barking,London,England
*/dQ]L^K=@,Hornchurch and Upminster,London,England
/tLG4Tai+l,Romford,London,England
(MfgR]UGUO,Tonbridge and Malling,Kent,England
+`9O6gFqgl,Thurrock,Essex,England
(<OL5uH1en,Gravesham,Kent,England
)K|zv]xFzr,Basildon and Billericay,Essex,England
9~Uitx_API,Maidstone and The Weald,Kent,England
*fLMDg2JEo,Faversham and Mid Kent,Kent,England
.CAqqg>V7L,Rochester and Strood,Kent,England
kcjo%qlFA,Castle Point,Essex,England
pmJ+i*u}1,South Basildon and East Thurrock,Essex,England
7lqDX$qu;J,Rayleigh and Wickford,Essex,England
#X01khT):N,Gillingham and Rainham,Kent,England
"DF)i]=4,E",Rochford and Southend East,Essex,England
;xX$rZVGZ1,Southend West,Essex,England
6?9AR-Jg}^,Ashford,Kent,England
$Bt&rsdH2s,Sittingbourne and Sheppey,Kent,England
8e%=$X#RX[,Canterbury,Kent,England
*u/$DhOy9[,North Thanet,Kent,England
.~p<iQMcgu,Clacton,Essex,England
"#n;xc,j`M1",Dover,Kent,England
;x9B77*tF>,South Thanet,Kent,England
6H2JZ$;|JM,North East Hampshire,Hampshire,England
(*cUx.{oe_,Chatham and Aylesford,Kent,England
"6,QiDB,lXY",Bracknell,Berkshire,England
%^)_XT4SW7,Walthamstow,London,England
"6~ZK8@mCR,",Kensington,London,England
98xf:a3QKg,Merthyr Tydfil and Rhymney,Caerphilly; Merthyr Tydfil,Wales
8EnQieh/0W,Cynon Valley,Rhondda Cynon Taf,Wales
",Dxw$J4Ije",Blaenau Gwent,Blaenau Gwent,Wales
8EAHt*s|j9,Torfaen,Torfaen,Wales
+!z[mWHTEx,Rhondda,Rhondda Cynon Taf,Wales
2}/~ZdIuh,Caerphilly,Caerphilly; Newport,Wales
",hY{~Nl&_k",Islwyn,Caerphilly,Wales
;hjpAlZ&3A,Ogmore,Rhondda Cynon Taf,Wales
;t~_SzDB;%,Pontypridd,Rhondda Cynon Taf,Wales
",#pa$br[CV",Newport West,Newport,Wales
*pN~4w0u)!,Newport East,Newport,Wales
+oY^O(FjzP,Thornbury and Yate,Gloucestershire,England
:QxGJ7U`.q,Bridgend,Bridgend,Wales
(/jCui)qbS,Cardiff West,Cardiff,Wales
+)XN9qV4Lv,Cardiff North,Cardiff,Wales
-x?KAShICq,Cardiff Central,Cardiff,Wales
7$wzhxYAxg,Cardiff South and Penarth,Cardiff,Wales
6`7}xJ992:,Bristol North West,Bristol,England
";g~~?,J.FL",South Swindon,Wiltshire,England
(c3ddT/t+W,Vale of Glamorgan,Vale of Glamorgan,Wales
*O+Oofn6](,North Somerset,Somerset,England
)Y=A?Z34L4,Bristol East,Bristol,England
!3AUYEU@Lc,Bristol West,Bristol,England
&{EC0g%Av8,Kingswood,Gloucestershire,England
#%*>t4x!Bi,North East Somerset,Somerset,England
"-.,tTlzoW]",Bristol South,Bristol,England
9&jc#5WoKM,Bath,Somerset,England
/t1c%:]SB_,Weston-Super-Mare,Somerset,England
5L)_^L_-ui,Chippenham,Wiltshire,England
.>W[G+u/7<,Bridgwater and West Somerset,Somerset,England
94zp.g5(4>,Wells,Somerset,England
${@`L/z1qe,Somerton and Frome,Somerset,England
6%2>}BkV>w,East Hampshire,Hampshire,England
",DL11#~g|c",South West Surrey,Surrey,England
(t*x0Edd8G,Salisbury,Wiltshire,England
63&&(AUBt&,Taunton Deane,Somerset,England
6#iBrhW1(=,North Dorset,Dorset,England
%V}u+3%`O1,Winchester,Hampshire,England
<(_<cF|>JL,Chichester,West Sussex,England
/=n~Bk_4[#,Horsham,West Sussex,England
&9`6qP^m{b,Romsey and Southampton North,Hampshire,England
qgy+4aG<M,Eastleigh,Hampshire,England
67zsh2QX^+,Yeovil,Somerset,England
#sd0X^RoH),New Forest West,Hampshire,England
#d-dI`8jEH,"Southampton, Test",Hampshire,England
:{FUPABSW8,"Southampton, Itchen",Hampshire,England
%$:vs<<QP<,Fareham,Hampshire,England
!933:|;s2(,West Dorset,Dorset,England
$)[zzb@Y<O,Portsmouth North,Hampshire,England
&zM.*c[)>x,Havant,Hampshire,England
$}fA:i;?u>,Arundel and South Downs,West Sussex,England
"9pht;A,0XN",East Worthing and Shoreham,West Sussex,England
!m*E_FYAa^,Christchurch,Dorset,England
6%L5@-qE)*,Gosport,Hampshire,England
.EVV;xK}Kl,Worthing West,West Sussex,England
"5?L0L,X[dy",New Forest East,Hampshire,England
-;bxAJ|D_$,Bognor Regis and Littlehampton,West Sussex,England
(:<`l#p9//,North Swindon,Wiltshire,England
$afop3)K66,Tiverton and Honiton,Devon,England
"+L<,|<kE]l",Meon Valley,Hampshire,England
)9jWjp|{4(,Central Devon,Devon,England
(q_GFul)<D,South West Wiltshire,Wiltshire,England
")Y~!4,yj{D",Filton and Bradley Stoke,Gloucestershire,England
50%t@]J4Uo,North Devon,Devon,England
=qdHwF0sE,Torridge and West Devon,Devon,England
%{+8QmtE+t,North Cornwall,Cornwall,England
)3R!!NnD#x,East Devon,Devon,England
;BApV5bN?v,Exeter,Devon,England
:rQk#eH()y,Poole,Dorset,England
6#Ph9IByMC,South East Cornwall,Cornwall,England
5qg!<B!@=j,South West Devon,Devon,England
9w?K{4iefm,Torbay,Devon,England
$Gc+jy!w^J,St Austell and Newquay,Cornwall,England
5aus-yaxEB,"Plymouth, Sutton and Devonport",Devon,England
#pNY~-PY^;,Totnes,Devon,England
",HC*6Q[@,#",Truro and Falmouth,Cornwall,England
&~TT~d`JE=,Newton Abbot,Devon,England
5.PE%^+~Ji,"Plymouth, Moor View",Devon,England
:S3_s;twt#,St Ives,Cornwall,England
&?NXq^:<J=,Camborne and Redruth,Cornwall,England
"$8>,V^hh=.",Bournemouth West,Dorset,England
*fx1MN}qux,Portsmouth South,Hampshire,England
#B8wvv_wK8,Bournemouth East,Dorset,England
%ld-ukAHlq,Isle of Wight,Isle of Wight,England
+}3fF)%gbU,South Dorset,Dorset,England
9@gcaX(OXH,Mid Dorset and North Poole,Dorset,England
&YW7AnR-$8,Crawley,West Sussex,England
*<(_ri*:gl,Mid Sussex,West Sussex,England
!IepM01*pn,Wealden,East Sussex,England
-L>TQfDC_-,Lewes,East Sussex,England
-FBIbvB)mJ,Bexhill and Battle,East Sussex,England
"#zL_(MD<l,",Tunbridge Wells,Kent,England
5LaSXg.W_},Hove,East Sussex,England
grs)9VLe.,"Brighton, Pavilion",East Sussex,England
",+/6H`&t1w","Brighton, Kemptown",East Sussex,England
",:sI1AEcp}",Eastbourne,East Sussex,England
<{MFKA6%{h,Hastings and Rye,East Sussex,England
#nowwmQRq|,Folkestone and Hythe,Kent,England
",!N.i7TZY2",Berwick-upon-Tweed,Northumberland,England
9;1vr|ucJE,"Berwickshire, Roxburgh and Selkirk",Scottish Borders,Scotland
8I`9ut5cyq,Kirkcaldy and Cowdenbeath,Fife,Scotland
+dKUh9PcRD,Glenrothes,Fife,Scotland
$Ac#7Vx1wQ,Inverclyde,Inverclyde,Scotland
(:*TN_ws}m,West Dunbartonshire,West Dunbartonshire,Scotland
-hCOhM_QCs,"Cumbernauld, Kilsyth and Kirkintilloch East",East Dunbartonshire; North Lanarkshire,Scotland
(C9dORq0@-,Falkirk,Falkirk,Scotland
"-iXfc,rjul",Edinburgh West,City of Edinburgh,Scotland
%>=TfP](C>,Dunfermline and West Fife,Fife,Scotland
5pwelK{({$,Edinburgh North and Leith,City of Edinburgh,Scotland
#G9AGP:Y:&,Edinburgh East,City of Edinburgh,Scotland
8G1T](r!e6,East Lothian,East Lothian,Scotland
"877T*6L),C",Paisley and Renfrewshire South,Renfrewshire,Scotland
7%QRm[F3cB,Glasgow North,Glasgow City,Scotland
",T4m5Y<l;%",Glasgow North West,Glasgow City,Scotland
;(F8(+TjVA,Paisley and Renfrewshire North,Renfrewshire,Scotland
"8,L`y4t%Jt",East Renfrewshire,East Renfrewshire,Scotland
#(>:R$y!^p,Glasgow South West,Glasgow City,Scotland
(LW[rL~@A+,Glasgow South,Glasgow City,Scotland
!(RoKKX-gl,Glasgow North East,Glasgow City,Scotland
:j$z^Y!xPv,Glasgow Central,Glasgow City,Scotland
",3qu80-aOi",Rutherglen and Hamilton West,South Lanarkshire,Scotland
-/QzkJL%^],Glasgow East,Glasgow City,Scotland
:4/#(~l=%w,"Coatbridge, Chryston and Bellshill",North Lanarkshire,Scotland
&s/*5J2HLf,Motherwell and Wishaw,North Lanarkshire,Scotland
&+z(l&pbE),Airdrie and Shotts,North Lanarkshire,Scotland
*?S4fe*GXE,Livingston,West Lothian,Scotland
bDzbCLNn&,Edinburgh South West,City of Edinburgh,Scotland
))1`e)%a#/,Midlothian,Midlothian,Scotland
5jrFXECfA<,Edinburgh South,City of Edinburgh,Scotland
&CU.yzB5H&,North Ayrshire and Arran,North Ayrshire,Scotland
"!R,Y^d;ogI",Kilmarnock and Loudoun,East Ayrshire,Scotland
7HXiq%7fIL,"East Kilbride, Strathaven and Lesmahagow",South Lanarkshire,Scotland
){PqN8Ve__,Lanark and Hamilton East,South Lanarkshire,Scotland
5?77q}L-(9,"Dumfriesshire, Clydesdale and Tweeddale",Dumfries and Galloway; Scottish Borders; South Lanarkshire,Scotland
"#,n1K18t->",Linlithgow and East Falkirk,West Lothian; Falkirk,Scotland
")gO9j1dq|,",East Dunbartonshire,East Dunbartonshire,Scotland
#]]y<4y+XT,"Ayr, Carrick and Cumnock",East Ayrshire; South Ayrshire,Scotland
%fd%OvYVzS,Central Ayrshire,North Ayrshire; South Ayrshire,Scotland
)KfJVRK0iq,Newry and Armagh,"Armagh City, Banbridge and Craigavon; Newry, Mourne and Down",NorthernIreland
&>049x<v2G,West Tyrone,Derry City and Strabane; Fermanagh and Omagh,NorthernIreland
")07)uuJUF,",Mid Ulster,Mid Ulster,NorthernIreland
5L>`~(_6N7,Foyle,Derry City and Strabane,NorthernIreland
;/vjVT[lIu,East Londonderry,Causeway Coast and Glens; Derry City and Strabane,NorthernIreland
:DR@[W=%|v,Upper Bann,"Armagh City, Banbridge and Craigavon",NorthernIreland
%uazk`IlV,South Down,"Armagh City, Banbridge and Craigavon; Newry, Mourne and Down",NorthernIreland
*@``K?Ji_:,Lagan Valley,"Armagh City, Banbridge and Craigavon; Lisburn and Castlereagh; Newry, Mourne and Down",NorthernIreland
&b(0-NPN4W,Strangford,"Ards and North Down; Lisburn and Castlereagh; Newry, Mourne and Down",NorthernIreland
9GJmv|V;se,North Down,Ards and North Down,NorthernIreland
$^JlF[WoDP,East Antrim,Antrim and Newtownabbey; Causeway Coast and Glens; Mid and East Antrim,NorthernIreland
#4r2w&xM>W,South Antrim,Antrim and Newtownabbey; Lisburn and Castlereagh,NorthernIreland
$ael_0O-SD,North Antrim,Causeway Coast and Glens; Mid and East Antrim,NorthernIreland
8H?H7D1*Ql,Fermanagh and South Tyrone,"Armagh City, Banbridge and Craigavon; Fermanagh and Omagh; Mid Ulster",NorthernIreland
*#y4dT#Cx{,Belfast South,Belfast; Lisburn and Castlereagh,NorthernIreland
";zY{6Wi,FG",Belfast West,Belfast; Lisburn and Castlereagh,NorthernIreland
!iXsT6s^AJ,Belfast East,Belfast; Lisburn and Castlereagh,NorthernIreland
5`H^-[.C(B,Belfast North,Belfast; Antrim and Newtownabbey,NorthernIreland
*y9<%}mXR},Neath,Neath Port Talbot,Wales
/V<{=(%wqu,Gower,Swansea,Wales
.F^VZ5ac/e,Swansea East,Swansea,Wales
%3?[;LWLmp,Aberavon,Neath Port Talbot,Wales
5nIqwSJh)L,Llanelli,Carmarthenshire; Swansea,Wales
"-tV?vw&,m@",Swansea West,Swansea,Wales
)JhpzHPRzS,Banff and Buchan,Aberdeenshire,Scotland
